n,tto n,tto,Label,Area,Mean,IntDen ku80,IntDengh2ax,Md Mean ku80,Md Mean gh2ax,CTCF ku80,CTCF gh2ax
1,1,ct_scramble,(13)CT-scramble-h2ax-647-ku80-564-dapi-01_Out_Channel Alignment-1.cziku80:0001-0589,139.598,3189.763,445285.041,819736.187,600.5406667,100.767,361450.765,805669.3153
2,2,ct_scramble,(13)CT-scramble-h2ax-647-ku80-564-dapi-01_Out_Channel Alignment-1.cziku80:0002-0732,94.143,3177.911,299177.284,651540.567,600.5406667,100.767,242640.584,642054.0593
3,3,ct_scramble,(13)CT-scramble-h2ax-647-ku80-564-dapi-01_Out_Channel Alignment-1.cziku80:0003-2093,139.271,2614.785,364162.838,511277.406,600.5406667,100.767,280524.9388,497243.4851
4,4,ct_scramble,(12)CT-scramble-h2ax-647-ku80-564-dapi-02_Out_Channel Alignment-1.cziku80:0001-0550,128.381,2423.097,311080.528,206652.167,414.9886667,35.153,257803.868,202139.1897
5,5,ct_scramble,(12)CT-scramble-h2ax-647-ku80-564-dapi-02_Out_Channel Alignment-1.cziku80:0002-0631,182.254,1970.033,359046.428,268825.764,414.9886667,35.153,283413.0835,262418.9891
6,6,ct_scramble,(12)CT-scramble-h2ax-647-ku80-564-dapi-02_Out_Channel Alignment-1.cziku80:0003-1556,102.78,1906.208,195920.818,111427.407,414.9886667,35.153,153268.2828,107814.3817
7,7,ct_scramble,(12)CT-scramble-h2ax-647-ku80-564-dapi-02_Out_Channel Alignment-1.cziku80:0004-2047,125.173,1937.019,242463.15,131123.973,414.9886667,35.153,190517.7736,126723.7665
8,8,ct_scramble,(15)CT-scramble-h2ax-647-ku80-564-dapi-03_Out_Channel Alignment-1.cziku80:0001-0733,148.188,2117.22,313746.495,148033.947,460.1606667,58.44566667,245556.2061,139373.0005
9,9,ct_scramble,(15)CT-scramble-h2ax-647-ku80-564-dapi-03_Out_Channel Alignment-1.cziku80:0002-1215,150.968,1906.75,287857.694,125773.922,460.1606667,58.44566667,218388.1585,116950.4966
10,10,ct_scramble,(15)CT-scramble-h2ax-647-ku80-564-dapi-03_Out_Channel Alignment-1.cziku80:0003-1214,111.411,2160.199,240669.309,72550.043,460.1606667,58.44566667,189402.349,66038.55283
11,11,ct_scramble,(15)CT-scramble-h2ax-647-ku80-564-dapi-03_Out_Channel Alignment-1.cziku80:0004-2100,137.448,1875.623,257801.328,118469.359,460.1606667,58.44566667,194553.1647,110436.119
12,12,ct_scramble,(15)CT-scramble-h2ax-647-ku80-564-dapi-04_Out_Channel Alignment-1.cziku80:0001-0442,95.771,2611.896,250143.053,341013.272,559.413,236.04,196567.5106,318407.4852
13,13,ct_scramble,(15)CT-scramble-h2ax-647-ku80-564-dapi-04_Out_Channel Alignment-1.cziku80:0002-1713,95.434,2322.411,221636.683,240928.769,559.413,236.04,168249.6628,218402.5276
14,14,ct_scramble,(15)CT-scramble-h2ax-647-ku80-564-dapi-04_Out_Channel Alignment-1.cziku80:0003-1815,79.495,2001.352,159098.47,210366.179,559.413,236.04,114627.9336,191602.1792
15,15,ct_scramble,(15)CT-scramble-h2ax-647-ku80-564-dapi-04_Out_Channel Alignment-1.cziku80:0004-1963,85.369,2103.732,179593.377,255896.417,559.413,236.04,131836.8486,235745.9182
16,16,ct_scramble,(13)CT-scramble-h2ax-647-ku80-564-dapi-05_Out_Channel Alignment-1.cziku80:0001-0309,124.73,1537.445,191766.32,468197.263,356.733,127.139,147271.0129,452339.2155
17,17,ct_scramble,(13)CT-scramble-h2ax-647-ku80-564-dapi-05_Out_Channel Alignment-1.cziku80:0002-0241,123.169,1363.667,167961.603,447782.501,356.733,127.139,124023.1561,432122.9175
18,18,ct_scramble,(13)CT-scramble-h2ax-647-ku80-564-dapi-05_Out_Channel Alignment-1.cziku80:0003-1065,137.796,1446.485,199319.218,453046.365,356.733,127.139,150162.8375,435527.1194
19,19,ct_scramble,(13)CT-scramble-h2ax-647-ku80-564-dapi-05_Out_Channel Alignment-1.cziku80:0004-1055,119.768,2077.503,248817.636,420937.857,356.733,127.139,206092.4381,405710.6732
20,20,ct_scramble,(13)CT-scramble-h2ax-647-ku80-564-dapi-05_Out_Channel Alignment-1.cziku80:0005-1152,120.74,1913.217,231001.14,834044.222,356.733,127.139,187929.1976,818693.4591
21,21,ct_scramble,(13)CT-scramble-h2ax-647-ku80-564-dapi-05_Out_Channel Alignment-1.cziku80:0006-2158,103.533,1671.719,173078.066,185541.401,356.733,127.139,136144.4283,172378.3189
22,22,ct_scramble,(15)CT-scramble-h2ax-647-ku80-564-dapi-06_Out_Channel Alignment-1.cziku80:0001-0918,158.218,1867.687,295500.849,140453.847,308.3343333,72.84633333,246716.8074,128928.2458
23,23,ct_scramble,(15)CT-scramble-h2ax-647-ku80-564-dapi-06_Out_Channel Alignment-1.cziku80:0002-1064,110.599,2084.21,230511.163,130689.892,308.3343333,72.84633333,196409.6941,122633.1604
24,24,ct_scramble,(15)CT-scramble-h2ax-647-ku80-564-dapi-06_Out_Channel Alignment-1.cziku80:0003-1441,115.518,1641.335,189603.681,125106.084,308.3343333,72.84633333,153985.5155,116691.0213
25,25,ct_scramble,(15)CT-scramble-h2ax-647-ku80-564-dapi-06_Out_Channel Alignment-1.cziku80:0004-1538,77.976,1648.308,128527.879,67604.021,308.3343333,72.84633333,104485.201,61923.75531
26,26,ct_scramble,(16)CT-scramble-h2ax-647-ku80-564-dapi-07_Out_Channel Alignment-1.cziku80:0001-0410,111.388,4842.89,539439.114,213033.639,1217.303,61.38533333,403846.1674,206196.0495
27,27,ct_scramble,(16)CT-scramble-h2ax-647-ku80-564-dapi-07_Out_Channel Alignment-1.cziku80:0002-0970,96.311,4682.756,451002.096,196297.941,1217.303,61.38533333,333762.4268,190385.8582
28,28,ct_scramble,(16)CT-scramble-h2ax-647-ku80-564-dapi-07_Out_Channel Alignment-1.cziku80:0003-1979,201.728,3730.329,752511.566,593806.194,1217.303,61.38533333,506947.4664,581423.0535
29,29,ct_scramble,(12)CT-scramble-h2ax-647-ku80-564-dapi-08_Out_Channel Alignment-1.cziku80:0001-0495,152.163,1391.628,211754.568,761798.604,327.4436667,155.9776667,161929.7573,738064.5743
30,30,ct_scramble,(12)CT-scramble-h2ax-647-ku80-564-dapi-08_Out_Channel Alignment-1.cziku80:0002-1352,126.456,1262.963,159709.485,424994.932,327.4436667,155.9776667,118302.2687,405270.6202
31,31,ct_scramble,(12)CT-scramble-h2ax-647-ku80-564-dapi-08_Out_Channel Alignment-1.cziku80:0003-1958,122.081,1101.12,134425.428,328206.537,327.4436667,155.9776667,94450.77773,309164.6275
32,32,ct_scramble,(12)CT-scramble-h2ax-647-ku80-564-dapi-08_Out_Channel Alignment-1.cziku80:0004-1930,82.945,1183.476,98163.078,345813.25,327.4436667,155.9776667,71003.26307,332875.6824
33,33,ct_scramble,(13)CT-scramble-h2ax-647-ku80-564-dapi-09_Out_Channel Alignment-1.cziku80:0001-0326,114.353,1307.393,149503.888,112150.372,273.841,26.51433333,118189.3481,109118.3784
34,34,ct_scramble,(13)CT-scramble-h2ax-647-ku80-564-dapi-09_Out_Channel Alignment-1.cziku80:0002-1637,136.317,1507.638,205517.199,108305.824,273.841,26.51433333,168188.0154,104691.4696
35,35,ct_scramble,(13)CT-scramble-h2ax-647-ku80-564-dapi-09_Out_Channel Alignment-1.cziku80:0003-1946,150.432,1192.835,179440.917,108287.552,273.841,26.51433333,138246.4677,104298.9478
36,36,ct_scramble,(13)CT-scramble-h2ax-647-ku80-564-dapi-09_Out_Channel Alignment-1.cziku80:0004-2109,171.501,1335.524,229043.508,79586.386,273.841,26.51433333,182079.5027,75039.15132
37,37,ct_scramble,(14)CT-scramble-h2ax-647-ku80-564-dapi-10_Out_Channel Alignment-1.cziku80:0001-0436,164.608,1367.169,225046.406,924822.477,324.3536667,199.4583333,171655.1976,891990.0397
38,38,ct_scramble,(14)CT-scramble-h2ax-647-ku80-564-dapi-10_Out_Channel Alignment-1.cziku80:0002-0501,71.44,1324.805,94644.091,285307.662,324.3536667,199.4583333,71472.26505,271058.3587
39,39,ct_scramble,(14)CT-scramble-h2ax-647-ku80-564-dapi-10_Out_Channel Alignment-1.cziku80:0003-0917,125.915,1746.573,219918.899,430897.631,324.3536667,199.4583333,179077.9071,405782.835
41,41,ct_scramble,(14)CT-scramble-h2ax-647-ku80-564-dapi-10_Out_Channel Alignment-1.cziku80:0005-1558,131.067,1213.566,159057.934,499770.916,324.3536667,199.4583333,116545.872,473628.5106
42,42,ct_scramble,(14)CT-scramble-h2ax-647-ku80-564-dapi-10_Out_Channel Alignment-1.cziku80:0006-1764,93.236,1643.971,153277.699,366365.837,324.3536667,199.4583333,123036.2605,347769.1398
43,43,ct_scramble,(14)CT-scramble-h2ax-647-ku80-564-dapi-10_Out_Channel Alignment-1.cziku80:0007-2097,106.446,1323.018,140829.758,347231.657,324.3536667,199.4583333,106303.6076,326000.1153
44,44,ct_scramble,(18)CT-scramble-h2ax-647-ku80-564-dapi-11_Out_Channel Alignment-1.cziku80:0001-0526,109.089,3128.135,341246.434,115607.533,577.0613333,28.187,278295.3902,112532.6414
45,45,ct_scramble,(18)CT-scramble-h2ax-647-ku80-564-dapi-11_Out_Channel Alignment-1.cziku80:0002-1447,133.577,3235.313,432163.602,202312.388,577.0613333,28.187,355081.4803,198547.2531
46,46,ct_scramble,(18)CT-scramble-h2ax-647-ku80-564-dapi-11_Out_Channel Alignment-1.cziku80:0003-1691,121.466,3140.952,381519.796,220511.556,577.0613333,28.187,311426.4641,217087.7939
48,48,ct_scramble,(13)CT-scramble-h2ax-647-ku80-564-dapi-12_Out_Channel Alignment-1.cziku80:0002-0745,124.801,1290.045,160999.127,736935.12,306.5753333,190.193,122738.2188,713198.8434
49,49,ct_scramble,(13)CT-scramble-h2ax-647-ku80-564-dapi-12_Out_Channel Alignment-1.cziku80:0003-0973,156.124,1106.463,172745.248,1204665.479,306.5753333,190.193,124881.4807,1174971.787
50,50,ct_scramble,(13)CT-scramble-h2ax-647-ku80-564-dapi-12_Out_Channel Alignment-1.cziku80:0004-1243,135.027,1183.986,159870.315,1079506.936,306.5753333,190.193,118474.3675,1053825.746
51,51,ct_scramble,(13)CT-scramble-h2ax-647-ku80-564-dapi-12_Out_Channel Alignment-1.cziku80:0005-1658,154.439,1113.463,171961.793,283320.627,306.5753333,190.193,124614.6051,253947.4103
52,52,ct_scramble,(15)CT-scramble-h2ax-647-ku80-564-dapi-13_Out_Channel Alignment-1.cziku80:0001-0454,143.178,1893.209,271066.486,508885.593,547.0736667,215.109,192737.5726,478086.7166
53,53,ct_scramble,(15)CT-scramble-h2ax-647-ku80-564-dapi-13_Out_Channel Alignment-1.cziku80:0002-0944,125.718,1906.137,239635.884,405753.766,547.0736667,215.109,170858.8768,378710.6927
54,54,ct_scramble,(15)CT-scramble-h2ax-647-ku80-564-dapi-13_Out_Channel Alignment-1.cziku80:0003-1140,121.69,1821.923,221709.426,811666.201,547.0736667,215.109,155136.0315,785489.5868
55,55,ct_scramble,(15)CT-scramble-h2ax-647-ku80-564-dapi-13_Out_Channel Alignment-1.cziku80:0004-1323,116.921,1800.535,210521.081,470171.401,547.0736667,215.109,146556.6808,445020.6416
56,56,ct_scramble,(15)CT-scramble-h2ax-647-ku80-564-dapi-13_Out_Channel Alignment-1.cziku80:0005-2062,101.984,1855.729,189254.827,374347.855,547.0736667,215.109,133462.0662,352410.1787
58,1,ct_sifak,(14)CT-siFAK-h2ax-647-ku80-564-dapi-01_Out_Channel Alignment-1.cziku80:0002-0742,123.302,3108.188,383246.19,409653.992,596.5366667,187.4806667,309692.0259,386537.2508
59,2,ct_sifak,(14)CT-siFAK-h2ax-647-ku80-564-dapi-01_Out_Channel Alignment-1.cziku80:0003-0963,140.847,2244.145,316080.311,1009057.685,596.5366667,187.4806667,232059.9111,982651.5955
60,3,ct_sifak,(14)CT-siFAK-h2ax-647-ku80-564-dapi-01_Out_Channel Alignment-1.cziku80:0004-1211,82.608,2806.441,231834.137,393833.232,596.5366667,187.4806667,182555.436,378345.8291
61,4,ct_sifak,(14)CT-siFAK-h2ax-647-ku80-564-dapi-01_Out_Channel Alignment-1.cziku80:0005-1530,107.233,2208.776,236853.154,633466.031,596.5366667,187.4806667,172884.7376,613361.9167
62,5,ct_sifak,(15)CT-siFAK-h2ax-647-ku80-564-dapi-02_Out_Channel Alignment-1.cziku80:0001-0370,203.307,2191.165,445479.099,415583.117,648.5273333,78.41933333,313628.9524,399639.9176
63,6,ct_sifak,(15)CT-siFAK-h2ax-647-ku80-564-dapi-02_Out_Channel Alignment-1.cziku80:0002-0857,128.962,2347.595,302751.749,181573.6,648.5273333,78.41933333,219116.367,171460.4859
64,7,ct_sifak,(15)CT-siFAK-h2ax-647-ku80-564-dapi-02_Out_Channel Alignment-1.cziku80:0003-0846,100.406,3002.649,301484.109,102235.448,648.5273333,78.41933333,236368.0736,94361.67642
65,8,ct_sifak,(15)CT-siFAK-h2ax-647-ku80-564-dapi-02_Out_Channel Alignment-1.cziku80:0004-1265,173.693,2468.717,428799.714,217421.894,648.5273333,78.41933333,316155.0559,203801.0047
67,10,ct_sifak,(15)CT-siFAK-h2ax-647-ku80-564-dapi-02_Out_Channel Alignment-1.cziku80:0006-2159,206.339,2062.312,425536.076,264096.803,648.5273333,78.41933333,291719.5946,247915.8362
68,11,ct_sifak,(15)CT-siFAK-h2ax-647-ku80-564-dapi-02_Out_Channel Alignment-1.cziku80:0007-2079,151.248,2435.291,368333.788,202694.061,648.5273333,78.41933333,270245.3259,190833.2937
69,12,ct_sifak,(12)CT-siFAK-h2ax-647-ku80-564-dapi-04_Out_Channel Alignment-1.cziku80:0001-0547,140.109,3609.223,505683.053,243670.305,898.2083333,199.4326667,379835.9816,215727.9935
70,13,ct_sifak,(12)CT-siFAK-h2ax-647-ku80-564-dapi-04_Out_Channel Alignment-1.cziku80:0002-0958,86.904,2989.273,259780.878,290843.838,898.2083333,199.4326667,181722.981,273512.3415
71,14,ct_sifak,(12)CT-siFAK-h2ax-647-ku80-564-dapi-04_Out_Channel Alignment-1.cziku80:0003-1441,108.128,3289.772,355715.905,286091.175,898.2083333,199.4326667,258594.4343,264526.9196
72,15,ct_sifak,(12)CT-siFAK-h2ax-647-ku80-564-dapi-04_Out_Channel Alignment-1.cziku80:0004-1752,187.119,2678.522,501202.631,499204.674,898.2083333,199.4326667,333130.7859,461887.0328
73,16,ct_sifak,(12)CT-siFAK-h2ax-647-ku80-564-dapi-04_Out_Channel Alignment-1.cziku80:0005-2173,113.007,2800.513,316478.855,248661.795,898.2083333,199.4326667,214975.0259,226124.5076
74,17,ct_sifak,(18)CT-siFAK-h2ax-647-ku80-564-dapi-05_Out_Channel Alignment-1.cziku80:0003-0741,133.145,2211.833,294493.59,132310.269,509.505,31.443,226655.5468,128123.7908
76,19,ct_sifak,(18)CT-siFAK-h2ax-647-ku80-564-dapi-05_Out_Channel Alignment-1.cziku80:0005-1505,106.443,2042.366,217395.016,130514.461,509.505,31.443,163161.7753,127167.5738
77,20,ct_sifak,(18)CT-siFAK-h2ax-647-ku80-564-dapi-05_Out_Channel Alignment-1.cziku80:0006-2042,158.774,2016.161,320113.289,119979.78,509.505,31.443,239217.1421,114987.4491
78,21,ct_sifak,(17)CT-siFAK-h2ax-647-ku80-564-dapi-06_Out_Channel Alignment-1.cziku80:0001-0180,135.287,2893.953,391514.633,511458.894,629.983,219.5823333,306286.1229,481752.2589
79,22,ct_sifak,(17)CT-siFAK-h2ax-647-ku80-564-dapi-06_Out_Channel Alignment-1.cziku80:0002-0905,154.958,3547.967,549784.06,1308708.882,629.983,219.5823333,452163.1543,1274682.843
80,23,ct_sifak,(17)CT-siFAK-h2ax-647-ku80-564-dapi-06_Out_Channel Alignment-1.cziku80:0004-1492,149.909,2812.791,421663.981,1013131.229,629.983,219.5823333,327223.8595,980213.861
81,24,ct_sifak,(17)CT-siFAK-h2ax-647-ku80-564-dapi-06_Out_Channel Alignment-1.cziku80:0005-2229,145.584,2588.941,376908.009,348014.521,629.983,219.5823333,285192.5639,316046.8466
82,25,ct_sifak,(15)CT-siFAK-h2ax-647-ku80-564-dapi-07_Out_Channel Alignment-1.cziku80:0004-0828,159.575,4223.647,673989.225,382301.145,827.8493333,134.7536667,541885.1676,360797.8286
83,26,ct_sifak,(15)CT-siFAK-h2ax-647-ku80-564-dapi-07_Out_Channel Alignment-1.cziku80:0005-1172,173.62,3900.986,677287.378,411585.105,827.8493333,134.7536667,533556.1767,388189.1734
84,27,ct_sifak,(15)CT-siFAK-h2ax-647-ku80-564-dapi-07_Out_Channel Alignment-1.cziku80:0006-1401,116.221,3103.559,360697.843,335860.447,827.8493333,134.7536667,264484.3656,320199.2411
85,28,ct_sifak,(15)CT-siFAK-h2ax-647-ku80-564-dapi-07_Out_Channel Alignment-1.cziku80:0007-1426,92.734,3248.85,301279.356,329657.398,827.8493333,134.7536667,224509.5759,317161.1515
86,29,ct_sifak,(15)CT-siFAK-h2ax-647-ku80-564-dapi-07_Out_Channel Alignment-1.cziku80:0008-2071,77.916,2810.162,218957.739,233826.503,827.8493333,134.7536667,154455.0303,223327.0363
87,30,ct_sifak,(15)CT-siFAK-h2ax-647-ku80-564-dapi-07_Out_Channel Alignment-1.cziku80:0009-2157,110.779,3548.519,393100.2,162919.952,827.8493333,134.7536667,301391.8787,147992.0756
88,31,ct_sifak,(16)CT-siFAK-h2ax-647-ku80-564-dapi-08_Out_Channel Alignment-1.cziku80:0001-0965,79.631,1516.329,120746.251,113421.725,350.5216667,49.693,92833.86016,109464.6217
89,32,ct_sifak,(16)CT-siFAK-h2ax-647-ku80-564-dapi-08_Out_Channel Alignment-1.cziku80:0002-1144,125.619,1555.081,195348.237,124645.572,350.5216667,49.693,151316.0558,118403.187
90,33,ct_sifak,(16)CT-siFAK-h2ax-647-ku80-564-dapi-08_Out_Channel Alignment-1.cziku80:0003-1596,243.61,1321.144,321844.328,171457.178,350.5216667,49.693,236453.7448,159351.4663
91,34,ct_sifak,(11)CT-siFAK-h2ax-647-ku80-564-dapi-09_Out_Channel Alignment-1.cziku80:0001-0267,156.838,2973.055,466288.161,337026.943,701.578,106.774,356254.0706,320280.7224
92,35,ct_sifak,(11)CT-siFAK-h2ax-647-ku80-564-dapi-09_Out_Channel Alignment-1.cziku80:0002-0262,87.104,2618.755,228103.891,4233893.311,701.578,106.774,166993.6409,4224592.869
93,36,ct_sifak,(11)CT-siFAK-h2ax-647-ku80-564-dapi-09_Out_Channel Alignment-1.cziku80:0003-0933,97.677,3084.485,301283.936,364508.291,701.578,106.774,232755.9017,354078.927
94,37,ct_sifak,(11)CT-siFAK-h2ax-647-ku80-564-dapi-09_Out_Channel Alignment-1.cziku80:0004-1199,85.658,3039.113,260324.165,162738.339,701.578,106.774,200228.3967,153592.2917
95,38,ct_sifak,(11)CT-siFAK-h2ax-647-ku80-564-dapi-09_Out_Channel Alignment-1.cziku80:0005-1565,128.657,2722.964,350327.966,279915.321,701.578,106.774,260065.0453,266178.0985
96,39,ct_sifak,(11)CT-siFAK-h2ax-647-ku80-564-dapi-09_Out_Channel Alignment-1.cziku80:0006-2076,137.704,2597.487,357684.613,169729.043,701.578,106.774,261074.5161,155025.8361
97,40,ct_sifak,(12)CT-siFAK-h2ax-647-ku80-564-dapi-10_Out_Channel Alignment-1.cziku80:0002-0828,92.879,2138.901,198658.246,77124.712,489.936,69.767,153153.4803,70644.82281
98,41,ct_sifak,(12)CT-siFAK-h2ax-647-ku80-564-dapi-10_Out_Channel Alignment-1.cziku80:0003-0821,116.657,1860.372,217026.076,146331.56,489.936,69.767,159871.612,138192.7511
99,42,ct_sifak,(12)CT-siFAK-h2ax-647-ku80-564-dapi-10_Out_Channel Alignment-1.cziku80:0004-1490,137.548,2101.266,289025.246,97324.656,489.936,69.767,221635.5291,87728.34468
100,43,ct_sifak,(12)CT-siFAK-h2ax-647-ku80-564-dapi-10_Out_Channel Alignment-1.cziku80:0005-1623,92.772,1848.498,171488.063,80574.349,489.936,69.767,126035.7204,74101.92488
101,44,ct_sifak,(12)CT-siFAK-h2ax-647-ku80-564-dapi-10_Out_Channel Alignment-1.cziku80:0006-1889,87.975,2074.551,182508.845,130584.924,489.936,69.767,139406.7254,124447.1722
102,45,ct_sifak,(12)CT-siFAK-h2ax-647-ku80-564-dapi-10_Out_Channel Alignment-1.cziku80:0007-1926,114.909,1901.952,218551.025,87602.831,489.936,69.767,162252.9692,79585.9748
103,46,ct_sifak,(16)CT-siFAK-h2ax-647-ku80-564-dapi-11_Out_Channel Alignment-1.cziku80:0002-1444,130.081,2876.899,374230.017,600917.439,742.5826667,119.0423333,277634.1211,585432.2932
104,47,ct_sifak,(16)CT-siFAK-h2ax-647-ku80-564-dapi-11_Out_Channel Alignment-1.cziku80:0003-1702,115.359,2424.181,279650.9,219004.337,742.5826667,119.0423333,193987.3062,205271.7325
105,48,ct_sifak,(16)CT-siFAK-h2ax-647-ku80-564-dapi-11_Out_Channel Alignment-1.cziku80:0004-1929,216.779,2563.623,555738.451,781342.526,742.5826667,119.0423333,394762.1231,755536.648
106,49,ct_sifak,(15)CT-siFAK-h2ax-647-ku80-564-dapi-12_Out_Channel Alignment-1.cziku80:0003-0501,131.536,2983.432,392430.024,93317.812,611.0846667,55.03666667,312050.3913,86078.50901
107,50,ct_sifak,(15)CT-siFAK-h2ax-647-ku80-564-dapi-12_Out_Channel Alignment-1.cziku80:0004-0937,119.804,2814.012,337130.107,300574.268,611.0846667,55.03666667,263919.7196,293980.6552
108,51,ct_sifak,(15)CT-siFAK-h2ax-647-ku80-564-dapi-12_Out_Channel Alignment-1.cziku80:0005-1101,125.446,3141.601,394100.266,143897.678,611.0846667,55.03666667,317442.1389,136993.5483
109,52,ct_sifak,(15)CT-siFAK-h2ax-647-ku80-564-dapi-12_Out_Channel Alignment-1.cziku80:0006-1543,122.342,2639.646,322938.553,84389.104,611.0846667,55.03666667,248177.2327,77655.80813
110,53,ct_sifak,(15)CT-siFAK-h2ax-647-ku80-564-dapi-12_Out_Channel Alignment-1.cziku80:0007-1637,88.907,2668.113,237212.696,151667.409,611.0846667,55.03666667,182882.9915,146774.2641
111,54,ct_sifak,(15)CT-siFAK-h2ax-647-ku80-564-dapi-12_Out_Channel Alignment-1.cziku80:0008-2026,121.991,2508.462,306010.491,111079.907,611.0846667,55.03666667,231463.6614,104365.929
112,55,ct_sifak,(15)CT-siFAK-h2ax-647-ku80-564-dapi-13_Out_Channel Alignment-1.cziku80:0001-0345,101.19,1313.456,132908.384,438981.595,288.609,133.951,103704.0393,425427.0933
113,56,ct_sifak,(15)CT-siFAK-h2ax-647-ku80-564-dapi-13_Out_Channel Alignment-1.cziku80:0002-0880,87.748,1261.609,110704.246,319602.702,288.609,133.951,85379.38347,307848.7697
114,57,ct_sifak,(15)CT-siFAK-h2ax-647-ku80-564-dapi-13_Out_Channel Alignment-1.cziku80:0003-1603,197.716,1218.775,240971.758,854585.941,288.609,133.951,183909.141,828101.6851
115,58,ct_sifak,(15)CT-siFAK-h2ax-647-ku80-564-dapi-13_Out_Channel Alignment-1.cziku80:0004-1678,153.808,1108.223,170453.342,362228.939,288.609,133.951,126062.9689,341626.2036
116,1,dox_scramble,(16)Dox-scramble-h2ax-647-ku80-564-dapi-01_Out_Channel Alignment-1.cziku80:0001-1193,82.122,13604.991,1117274.799,1885097.482,663.5706667,94.81933333,1062781.049,1877310.729
117,2,dox_scramble,(16)Dox-scramble-h2ax-647-ku80-564-dapi-01_Out_Channel Alignment-1.cziku80:0002-1250,119.555,8717.127,1042172.369,1287742.077,663.5706667,94.81933333,962839.1779,1276405.952
118,3,dox_scramble,(16)Dox-scramble-h2ax-647-ku80-564-dapi-01_Out_Channel Alignment-1.cziku80:0003-1657,86.891,11621.615,1009811.93,1666753.663,663.5706667,94.81933333,952153.6112,1658514.716
119,4,dox_scramble,(14)Dox-scramble-h2ax-647-ku80-564-dapi-02_Out_Channel Alignment-1.cziku80:0001-0888,170.122,5030.021,855719.565,381957.261,432.3623333,41.605,782165.2201,374879.3352
120,5,dox_scramble,(14)Dox-scramble-h2ax-647-ku80-564-dapi-02_Out_Channel Alignment-1.cziku80:0002-1601,250.201,5500.319,1376186.007,1391267.311,432.3623333,41.605,1268008.519,1380857.698
121,6,dox_scramble,(12)Dox-scramble-h2ax-647-ku80-564-dapi-03_Out_Channel Alignment-1.cziku80:0001-0498,137.491,7558.81,1039268.111,4169695.155,438.361,210.0346667,978997.4187,4140817.279
122,7,dox_scramble,(12)Dox-scramble-h2ax-647-ku80-564-dapi-03_Out_Channel Alignment-1.cziku80:0002-1339,144.966,7119.333,1032063.899,5076141.276,438.361,210.0346667,968516.4583,5045693.391
123,8,dox_scramble,(12)Dox-scramble-h2ax-647-ku80-564-dapi-03_Out_Channel Alignment-1.cziku80:0003-2232,120.99,4937.125,597343.661,3668866.159,438.361,210.0346667,544306.3636,3643454.065
124,9,dox_scramble,(11)Dox-scramble-h2ax-647-ku80-564-dapi-04_Out_Channel Alignment-1.cziku80:0001-0605,188.889,10279.779,1941742.127,2154732.443,606.8493333,68.45933333,1827114.963,2141801.228
125,10,dox_scramble,(11)Dox-scramble-h2ax-647-ku80-564-dapi-04_Out_Channel Alignment-1.cziku80:0002-1668,156.612,8569.571,1342101.565,2245770.895,606.8493333,68.45933333,1247061.677,2235049.342
126,11,dox_scramble,(10)Dox-scramble-h2ax-647-ku80-564-dapi-05_Out_Channel Alignment-1.cziku80:0001-1455,140.937,2637.92,371780.722,2298168.237,137.4946667,86.19166667,352402.6362,2286020.642
127,12,dox_scramble,(10)Dox-scramble-h2ax-647-ku80-564-dapi-05_Out_Channel Alignment-1.cziku80:0002-2184,247.718,2704.203,669878.703,6010477.505,137.4946667,86.19166667,635818.7992,5989126.278
128,13,dox_scramble,(9)Dox-scramble-h2ax-647-ku80-564-dapi-06_Out_Channel Alignment-1.cziku80:0001-0513,188.937,9173.662,1733246.866,2898298.503,426.194,143.7393333,1652723.05,2871140.825
129,14,dox_scramble,(9)Dox-scramble-h2ax-647-ku80-564-dapi-06_Out_Channel Alignment-1.cziku80:0002-0658,208.726,11011.667,2298423.095,3046672.225,426.194,143.7393333,2209465.326,3016670.089
130,15,dox_scramble,(9)Dox-scramble-h2ax-647-ku80-564-dapi-06_Out_Channel Alignment-1.cziku80:0003-2021,233.219,7257.722,1692638.919,3466395.55,426.194,143.7393333,1593242.381,3432872.806
131,16,dox_scramble,(12)Dox-scramble-h2ax-647-ku80-564-dapi-07_Out_Channel Alignment-1.cziku80:0001-0653,220.496,6656.353,1467699.007,7400215.558,257.3076667,146.1986667,1410963.696,7367979.337
132,17,dox_scramble,(12)Dox-scramble-h2ax-647-ku80-564-dapi-07_Out_Channel Alignment-1.cziku80:0002-1975,225.941,4440.9,1003382.024,4015443.2,257.3076667,146.1986667,945245.6725,3982410.927
133,18,dox_scramble,(12)Dox-scramble-h2ax-647-ku80-564-dapi-08_Out_Channel Alignment-1.cziku80:0001-0517,208.729,5545.494,1157507.099,1703538.037,396.6136667,89.06133333,1074722.325,1684948.354
134,19,dox_scramble,(10)Dox-scramble-h2ax-647-ku80-564-dapi-09_Out_Channel Alignment-1.cziku80:0001-0452,174.205,11373.502,1981318.393,1962802.788,594.939,53.733,1877677.045,1953442.231
135,20,dox_scramble,(10)Dox-scramble-h2ax-647-ku80-564-dapi-09_Out_Channel Alignment-1.cziku80:0002-2076,144.568,8310.415,1201421.928,1923229.311,594.939,53.733,1115412.787,1915461.239
136,21,dox_scramble,(11)Dox-scramble-h2ax-647-ku80-564-dapi-10_Out_Channel Alignment-1.cziku80:0001-0259,158.171,4977.384,787276.535,1970935.591,434.3883333,135.1226667,718568.8979,1949563.104
137,22,dox_scramble,(11)Dox-scramble-h2ax-647-ku80-564-dapi-10_Out_Channel Alignment-1.cziku80:0002-1257,145.96,4218.122,615677.868,1558059.926,434.3883333,135.1226667,552274.5469,1538337.422
138,23,dox_scramble,(11)Dox-scramble-h2ax-647-ku80-564-dapi-10_Out_Channel Alignment-1.cziku80:0003-1895,207.093,4674.38,968031.688,5165779.179,434.3883333,135.1226667,878072.9049,5137796.221
139,24,dox_scramble,(12)Dox-scramble-h2ax-647-ku80-564-dapi-11_Out_Channel Alignment-1.cziku80:0001-1252,272.745,4998.338,1363270.774,10917687.37,448.083,172.8663333,1241058.376,10870538.94
140,25,dox_scramble,(13)Dox-scramble-h2ax-647-ku80-564-dapi-12_Out_Channel Alignment-1.cziku80:0001-1138,203.392,8778.021,1785381.392,9358962.697,455.079,263.276,1692821.964,9305414.465
141,26,dox_scramble,(13)Dox-scramble-h2ax-647-ku80-564-dapi-12_Out_Channel Alignment-1.cziku80:0002-1583,168.081,7255.972,1219589.493,6240679.289,455.079,263.276,1143099.36,6196427.596
142,27,dox_scramble,(15)Dox-scramble-h2ax-647-ku80-564-dapi-13_Out_Channel Alignment-1.cziku80:0001-1450,211.25,8580.045,1812536.303,6057780.077,637.895,111.068,1677780.984,6034316.962
143,28,dox_scramble,(15)Dox-scramble-h2ax-647-ku80-564-dapi-13_Out_Channel Alignment-1.cziku80:0002-1441,247.674,9308.905,2305573.63,6656119.263,637.895,111.068,2147583.624,6628610.607
144,29,dox_scramble,(14)Dox-scramble-h2ax-647-ku80-564-dapi-14_Out_Channel Alignment-1.cziku80:0001-0432,180.334,4700.543,847667.52,5914114.175,377.3426667,208.0213333,779619.8075,5876600.856
145,30,dox_scramble,(14)Dox-scramble-h2ax-647-ku80-564-dapi-14_Out_Channel Alignment-1.cziku80:0002-0612,167.45,4552.143,762255.411,5293609.604,377.3426667,208.0213333,699069.3815,5258776.432
146,31,dox_scramble,(14)Dox-scramble-h2ax-647-ku80-564-dapi-14_Out_Channel Alignment-1.cziku80:0003-0742,143.977,6004.256,864473.15,4570290.449,377.3426667,208.0213333,810144.4849,4540340.161
147,32,dox_scramble,(14)Dox-scramble-h2ax-647-ku80-564-dapi-14_Out_Channel Alignment-1.cziku80:0004-1912,202.174,4866.368,983852.551,7206176.643,377.3426667,208.0213333,907563.6747,7164120.138
148,33,dox_scramble,(18)Dox-scramble-h2ax-647-ku80-564-dapi-15_Out_Channel Alignment-1.cziku80:0001-0631,251.291,6339.117,1592960.412,5897133.063,342.9833333,162.7316667,1506771.787,5856240.06
149,34,dox_scramble,(18)Dox-scramble-h2ax-647-ku80-564-dapi-15_Out_Channel Alignment-1.cziku80:0002-0978,198.974,7529.995,1498274.363,5805526.102,342.9833333,162.7316667,1430029.597,5773146.731
150,35,dox_scramble,(18)Dox-scramble-h2ax-647-ku80-564-dapi-15_Out_Channel Alignment-1.cziku80:0003-1989,203.126,5224.878,1061309.101,1312785.603,342.9833333,162.7316667,991640.2684,1279730.57
151,36,dox_scramble,(13)Dox-scramble-h2ax-647-ku80-564-dapi-teste_Out_Channel Alignment-1.cziku80:0001-0334,214.903,6427.072,1381198.22,1573272.765,307.608,179.467,1315092.338,1534704.768
152,37,dox_scramble,(13)Dox-scramble-h2ax-647-ku80-564-dapi-teste_Out_Channel Alignment-1.cziku80:0002-1657,188.025,6642.635,1248978.552,1539065.176,307.608,179.467,1191140.558,1505320.893
153,38,dox_scramble,(13)Dox-scramble-h2ax-647-ku80-564-dapi-teste_Out_Channel Alignment-1.cziku80:0003-1911,208.062,6115.735,1272451.442,2677009.355,307.608,179.467,1208449.906,2639669.092
154,1,dox_sifak,(16)Dox-siFAK-h2ax-647-ku80-564-dapi-01_Out_Channel Alignment-1.cziku80:0001-0906,194.634,8978.728,1747565.926,4993781.875,457.6236667,254.3193333,1658496.801,4944282.686
155,2,dox_sifak,(16)Dox-siFAK-h2ax-647-ku80-564-dapi-01_Out_Channel Alignment-1.cziku80:0002-1409,198.388,8188.456,1624490.081,8043340.072,457.6236667,254.3193333,1533703.037,7992886.168
156,3,dox_sifak,(15)Dox-siFAK-h2ax-647-ku80-564-dapi-02_Out_Channel Alignment-1.cziku80:0001-0596,232.764,9791.379,2279077.638,6990417.126,523.259,337.2013333,2157281.78,6911928.795
157,4,dox_sifak,(15)Dox-siFAK-h2ax-647-ku80-564-dapi-02_Out_Channel Alignment-1.cziku80:0002-1928,166.538,8670.91,1444036.836,6907570.201,523.259,337.2013333,1356894.329,6851413.365
158,5,dox_sifak,(14)Dox-siFAK-h2ax-647-ku80-564-dapi-03_Out_Channel Alignment-1.cziku80:0001-0629,225.331,6811.582,1534859.946,3412150.199,370.0456667,110.7713333,1451477.186,3387189.984
159,6,dox_sifak,(14)Dox-siFAK-h2ax-647-ku80-564-dapi-03_Out_Channel Alignment-1.cziku80:0002-1873,126.635,6888.226,872290.068,2151754.651,370.0456667,110.7713333,825429.335,2137727.123
160,7,dox_sifak,(16)Dox-siFAK-h2ax-647-ku80-564-dapi-04_Out_Channel Alignment-1.cziku80:0001-0515,200.129,4042.055,808932.824,7993626.433,248.009,225.2596667,759299.0308,7948545.441
161,8,dox_sifak,(16)Dox-siFAK-h2ax-647-ku80-564-dapi-04_Out_Channel Alignment-1.cziku80:0002-1909,180.192,3521.147,634480.948,7069644.653,248.009,225.2596667,589791.7103,7029054.663
162,9,dox_sifak,(15)Dox-siFAK-h2ax-647-ku80-564-dapi-05_Out_Channel Alignment-1.cziku80:0001-1399,144.769,9466.251,1370418.477,4744757.611,579.5516667,127.5833333,1286517.362,4726287.499
163,10,dox_sifak,(15)Dox-siFAK-h2ax-647-ku80-564-dapi-06_Out_Channel Alignment-1.cziku80:0001-0627,203.161,8116.385,1648936.65,9670674.36,461.574,188.1086667,1555162.815,9632458.015
164,11,dox_sifak,(15)Dox-siFAK-h2ax-647-ku80-564-dapi-06_Out_Channel Alignment-1.cziku80:0002-1818,168.748,6626.327,1118180.691,2040387.875,461.574,188.1086667,1040291.002,2008644.914
165,12,dox_sifak,(10)Dox-siFAK-h2ax-647-ku80-564-dapi-07_Out_Channel Alignment-1.cziku80:0001-0833,206.002,5017.583,1033629.692,8483453.874,353.4523333,189.8166667,960817.8044,8444351.261
166,13,dox_sifak,(10)Dox-siFAK-h2ax-647-ku80-564-dapi-07_Out_Channel Alignment-1.cziku80:0002-1720,243.55,4879.002,1188281.418,6410492.623,353.4523333,189.8166667,1102198.102,6364262.774
167,14,dox_sifak,(11)Dox-siFAK-h2ax-647-ku80-564-dapi-08_Out_Channel Alignment-1.cziku80:0001-0583,168.409,8595.765,1447606.706,6404468.423,658.7796667,159.5396667,1336662.281,6377600.507
168,15,dox_sifak,(11)Dox-siFAK-h2ax-647-ku80-564-dapi-08_Out_Channel Alignment-1.cziku80:0002-1704,184.792,8874.869,1640000.948,2662323.88,658.7796667,159.5396667,1518263.736,2632842.226
169,16,dox_sifak,(10)Dox-siFAK-h2ax-647-ku80-564-dapi-09_Out_Channel Alignment-1.cziku80:0001-0560,256.084,5995.269,1535292.058,4489055.626,400.6386667,86.41466667,1432694.906,4466926.213
170,17,dox_sifak,(10)Dox-siFAK-h2ax-647-ku80-564-dapi-09_Out_Channel Alignment-1.cziku80:0002-1961,203.321,4338.143,882033.545,2827046.63,400.6386667,86.41466667,800575.2907,2809476.714
171,18,dox_sifak,(11)Dox-siFAK-h2ax-647-ku80-564-dapi-10_Out_Channel Alignment-1.cziku80:0001-0866,191.015,6210.751,1186348.708,2328249.797,366.458,91.04633333,1116349.733,2310858.582
172,19,dox_sifak,(11)Dox-siFAK-h2ax-647-ku80-564-dapi-10_Out_Channel Alignment-1.cziku80:0002-0875,181.796,4045.022,735367.056,1636408.153,366.458,91.04633333,668746.4574,1619856.294
173,20,dox_sifak,(11)Dox-siFAK-h2ax-647-ku80-564-dapi-10_Out_Channel Alignment-1.cziku80:0003-1720,262.337,3885.944,1019426.342,2253870.245,366.458,91.04633333,923290.8497,2229985.423
174,21,dox_sifak,(9)Dox-siFAK-h2ax-647-ku80-564-dapi-11_Out_Channel Alignment-1.cziku80:0001-0901,211.353,3739.63,790382.528,1921458.281,380.3043333,109.5803333,710004.0662,1898298.149
175,22,dox_sifak,(9)Dox-siFAK-h2ax-647-ku80-564-dapi-11_Out_Channel Alignment-1.cziku80:0002-1072,173.73,4118.116,715439.018,1918490.562,380.3043333,109.5803333,649368.7462,1899453.171
176,23,dox_sifak,(9)Dox-siFAK-h2ax-647-ku80-564-dapi-11_Out_Channel Alignment-1.cziku80:0003-1620,166.11,3732.325,619975.748,1773797.396,380.3043333,109.5803333,556803.3952,1755595.007
177,24,dox_sifak,(9)Dox-siFAK-h2ax-647-ku80-564-dapi-11_Out_Channel Alignment-1.cziku80:0004-2096,153.944,3097.763,476881.9,383957.926,380.3043333,109.5803333,418336.3297,367088.6912
178,25,dox_sifak,(14)Dox-siFAK-h2ax-647-ku80-564-dapi-12_Out_Channel Alignment-1.cziku80:0001-0601,281.379,1730.864,487029.248,6420252.231,146.169,257.0946667,445900.3609,6347911.191
179,26,dox_sifak,(14)Dox-siFAK-h2ax-647-ku80-564-dapi-12_Out_Channel Alignment-1.cziku80:0002-0982,144.55,2442.529,353066.382,3182674.364,146.169,257.0946667,331937.6531,3145511.33
180,27,dox_sifak,(14)Dox-siFAK-h2ax-647-ku80-564-dapi-12_Out_Channel Alignment-1.cziku80:0003-1385,110.159,2108.143,232231.136,3082399.473,146.169,257.0946667,216129.3051,3054078.182
181,28,dox_sifak,(13)Dox-siFAK-h2ax-647-ku80-564-dapi-13_Out_Channel Alignment-1.cziku80:0001-0251,187.046,12671.109,2370084.595,5454528.96,1038.233333,226.434,2175887.203,5412175.386
182,29,dox_sifak,(13)Dox-siFAK-h2ax-647-ku80-564-dapi-13_Out_Channel Alignment-1.cziku80:0002-0913,198.547,15607.038,3098729.033,7334065.732,1038.233333,226.434,2892590.919,7289107.941
183,30,dox_sifak,(13)Dox-siFAK-h2ax-647-ku80-564-dapi-13_Out_Channel Alignment-1.cziku80:0003-2184,145.091,13833.51,2007119.566,3148078.389,1038.233333,226.434,1856481.253,3115224.854
184,31,dox_sifak,(9)Dox-siFAK-h2ax-647-ku80-564-dapi-14_Out_Channel Alignment-1.cziku80:0001-0261,207.809,11147.993,2316656.642,6656986.298,977.617,236.773,2113499.031,6607782.738
185,32,dox_sifak,(9)Dox-siFAK-h2ax-647-ku80-564-dapi-14_Out_Channel Alignment-1.cziku80:0002-1941,201.55,9964.319,2008310.081,5040344.029,977.617,236.773,1811271.375,4992622.431
186,33,dox_sifak,(9)Dox-siFAK-h2ax-647-ku80-564-dapi-14_Out_Channel Alignment-1.cziku80:0003-2120,149.22,5984.469,893003.715,1206863.431,977.617,236.773,747123.7063,1171532.164
187,34,dox_sifak,(14)Dox-siFAK-h2ax-647-ku80-564-dapi-15_Out_Channel Alignment-1.cziku80:0001-0652,297.377,2698.809,802563.812,5190320.597,276.0526667,81.637,720472.0981,5166043.631
188,35,dox_sifak,(14)Dox-siFAK-h2ax-647-ku80-564-dapi-15_Out_Channel Alignment-1.cziku80:0002-1711,250.886,2850.963,715267.27,4384517.209,276.0526667,81.637,646009.5207,4364035.629
189,36,dox_sifak,(15)Dox-siFAK-h2ax-647-ku80-564-dapi-16_Out_Channel Alignment-1.cziku80:0001-0769,253.309,5499.781,1393146.056,5471733.676,496.4563333,105.0806667,1267389.199,5445115.797
190,37,dox_sifak,(15)Dox-siFAK-h2ax-647-ku80-564-dapi-16_Out_Channel Alignment-1.cziku80:0002-0824,219.448,5776.277,1267593.064,3743797.58,496.4563333,105.0806667,1158646.715,3720737.838
191,38,dox_sifak,(18)Dox-siFAK-h2ax-647-ku80-564-dapi-17_Out_Channel Alignment-1.cziku80:0001-0607,170.039,9741.167,1656381.175,3379765.215,885.01,116.7553333,1505894.96,3359912.255
192,39,dox_sifak,(18)Dox-siFAK-h2ax-647-ku80-564-dapi-17_Out_Channel Alignment-1.cziku80:0002-0884,148.449,11511.266,1708834.496,2859322.849,885.01,116.7553333,1577455.647,2841990.637
193,40,dox_sifak,(18)Dox-siFAK-h2ax-647-ku80-564-dapi-17_Out_Channel Alignment-1.cziku80:0003-1462,160.8,10138.081,1630201.123,3430967.184,885.01,116.7553333,1487891.515,3412192.926
194,41,dox_sifak,(18)Dox-siFAK-h2ax-647-ku80-564-dapi-17_Out_Channel Alignment-1.cziku80:0004-1657,223.428,9378.685,2095456.261,4148309.973,885.01,116.7553333,1897720.247,4122223.562
